chrom,start,end,avg_meth_diff,num_windows
chr13,57138511,57157300,-0.867927304429112,1780
chr2,17847241,17848270,0.5,4
chr2,17851421,17852510,0.529621973302566,10
chr2,80690981,80692000,-0.555,3
chr2,225580971,225584370,-0.778965497740859,241
chr8,144391351,144393950,-0.664651477723178,161
