chrom,start,end,avg_mh_counts_control,avg_mh_counts_case,avg_mh_frac_control,avg_mh_frac_case,avg_meth_diff,num_windows
chr13,57138511,57157300,272.896629213483,19.0876404494382,0.92594941540896,0.0580221109798466,-0.867927304429112,1780
chr2,17847241,17848270,4,21,0.5,1,0.5,4
chr2,17851421,17852510,11.5,164,0.359237536656892,0.888859509959457,0.529621973302566,10
chr2,80690981,80692000,7,8,0.875,0.32,-0.555,3
chr2,225580971,225584370,284.96265560166,31.7551867219917,0.922342611042254,0.143377113301396,-0.778965497740859,241
chr8,144391351,144393950,428.273291925466,100.968944099379,0.97089662013686,0.306245142413681,-0.664651477723178,161
